metric,step,timestamp,value,median,threshold
depth_forward_time_s,1,09/27/2026 14:55:05,2.909,0.081,0.0898956
depth_forward_time_s,1001,09/27/2026 16:48:11,0.473,0.081,0.0898956
depth_forward_time_s,10001,09/28/2026 09:54:33,0.347,0.081,0.0898956
depth_forward_time_s,5001,09/28/2026 00:24:00,0.341,0.081,0.0898956
depth_forward_time_s,13001,09/28/2026 15:37:47,0.328,0.081,0.0898956
depth_forward_time_s,4001,09/27/2026 22:30:00,0.318,0.081,0.0898956
depth_forward_time_s,3001,09/27/2026 20:36:00,0.311,0.081,0.0898956
depth_forward_time_s,2001,09/27/2026 18:42:06,0.309,0.081,0.0898956
depth_forward_time_s,6001,09/28/2026 02:17:57,0.309,0.081,0.0898956
depth_forward_time_s,7001,09/28/2026 04:12:00,0.281,0.081,0.0898956
depth_forward_time_s,11001,09/28/2026 11:50:04,0.279,0.081,0.0898956
depth_forward_time_s,8001,09/28/2026 06:06:10,0.276,0.081,0.0898956
depth_forward_time_s,12001,09/28/2026 13:44:00,0.275,0.081,0.0898956
depth_forward_time_s,9001,09/28/2026 08:00:23,0.274,0.081,0.0898956
depth_forward_time_s,14001,09/28/2026 17:31:48,0.272,0.081,0.0898956
depth_forward_time_s,10445,09/28/2026 10:46:16,0.115,0.081,0.0898956
depth_forward_time_s,50,09/27/2026 15:00:36,0.114,0.081,0.0898956
depth_forward_time_s,1686,09/27/2026 18:06:21,0.112,0.081,0.0898956
depth_forward_time_s,22,09/27/2026 14:57:27,0.111,0.081,0.0898956
depth_forward_time_s,121,09/27/2026 15:08:37,0.111,0.081,0.0898956
depth_forward_time_s,138,09/27/2026 15:10:32,0.111,0.081,0.0898956
depth_forward_time_s,6,09/27/2026 14:55:39,0.11,0.081,0.0898956
depth_forward_time_s,18,09/27/2026 14:57:00,0.11,0.081,0.0898956
depth_forward_time_s,126,09/27/2026 15:09:11,0.11,0.081,0.0898956
depth_forward_time_s,275,09/27/2026 15:25:59,0.11,0.081,0.0898956
depth_forward_time_s,1630,09/27/2026 18:00:02,0.11,0.081,0.0898956
depth_forward_time_s,255,09/27/2026 15:23:43,0.109,0.081,0.0898956
depth_forward_time_s,271,09/27/2026 15:25:32,0.109,0.081,0.0898956
depth_forward_time_s,283,09/27/2026 15:26:53,0.109,0.081,0.0898956
depth_forward_time_s,387,09/27/2026 15:38:39,0.109,0.081,0.0898956
depth_forward_time_s,399,09/27/2026 15:40:00,0.109,0.081,0.0898956
depth_forward_time_s,407,09/27/2026 15:40:55,0.109,0.081,0.0898956
depth_forward_time_s,660,09/27/2026 16:09:31,0.109,0.081,0.0898956
depth_forward_time_s,1301,09/27/2026 17:22:29,0.109,0.081,0.0898956
depth_forward_time_s,1626,09/27/2026 17:59:35,0.109,0.081,0.0898956
depth_forward_time_s,109,09/27/2026 15:07:16,0.108,0.081,0.0898956
depth_forward_time_s,110,09/27/2026 15:07:22,0.108,0.081,0.0898956
depth_forward_time_s,118,09/27/2026 15:08:17,0.108,0.081,0.0898956
depth_forward_time_s,130,09/27/2026 15:09:38,0.108,0.081,0.0898956
depth_forward_time_s,134,09/27/2026 15:10:05,0.108,0.081,0.0898956
depth_forward_time_s,142,09/27/2026 15:10:59,0.108,0.081,0.0898956
depth_forward_time_s,156,09/27/2026 15:12:34,0.108,0.081,0.0898956
depth_forward_time_s,616,09/27/2026 16:04:33,0.108,0.081,0.0898956
depth_forward_time_s,656,09/27/2026 16:09:04,0.108,0.081,0.0898956
depth_forward_time_s,664,09/27/2026 16:09:58,0.108,0.081,0.0898956
depth_forward_time_s,765,09/27/2026 16:21:22,0.108,0.081,0.0898956
depth_forward_time_s,6348,09/28/2026 02:57:40,0.108,0.081,0.0898956
depth_forward_time_s,10175,09/28/2026 10:14:33,0.108,0.081,0.0898956
depth_forward_time_s,122,09/27/2026 15:08:44,0.107,0.081,0.0898956
depth_forward_time_s,152,09/27/2026 15:12:07,0.107,0.081,0.0898956
depth_forward_time_s,259,09/27/2026 15:24:10,0.107,0.081,0.0898956
depth_forward_time_s,267,09/27/2026 15:25:05,0.107,0.081,0.0898956
depth_forward_time_s,580,09/27/2026 16:00:29,0.107,0.081,0.0898956
depth_forward_time_s,596,09/27/2026 16:02:18,0.107,0.081,0.0898956
depth_forward_time_s,612,09/27/2026 16:04:06,0.107,0.081,0.0898956
depth_forward_time_s,628,09/27/2026 16:05:54,0.107,0.081,0.0898956
depth_forward_time_s,1508,09/27/2026 17:46:15,0.107,0.081,0.0898956
depth_forward_time_s,1516,09/27/2026 17:47:09,0.107,0.081,0.0898956
depth_forward_time_s,6498,09/28/2026 03:14:53,0.107,0.081,0.0898956
depth_forward_time_s,6630,09/28/2026 03:29:49,0.107,0.081,0.0898956
depth_forward_time_s,113,09/27/2026 15:07:43,0.106,0.081,0.0898956
depth_forward_time_s,114,09/27/2026 15:07:49,0.106,0.081,0.0898956
depth_forward_time_s,263,09/27/2026 15:24:37,0.106,0.081,0.0898956
depth_forward_time_s,279,09/27/2026 15:26:26,0.106,0.081,0.0898956
depth_forward_time_s,395,09/27/2026 15:39:33,0.106,0.081,0.0898956
depth_forward_time_s,632,09/27/2026 16:06:21,0.106,0.081,0.0898956
depth_forward_time_s,640,09/27/2026 16:07:16,0.106,0.081,0.0898956
depth_forward_time_s,713,09/27/2026 16:15:30,0.106,0.081,0.0898956
depth_forward_time_s,720,09/27/2026 16:16:17,0.106,0.081,0.0898956
depth_forward_time_s,721,09/27/2026 16:16:24,0.106,0.081,0.0898956
depth_forward_time_s,769,09/27/2026 16:21:49,0.106,0.081,0.0898956
depth_forward_time_s,793,09/27/2026 16:24:32,0.106,0.081,0.0898956
depth_forward_time_s,1121,09/27/2026 17:01:52,0.106,0.081,0.0898956
depth_forward_time_s,1277,09/27/2026 17:19:44,0.106,0.081,0.0898956
depth_forward_time_s,1658,09/27/2026 18:03:12,0.106,0.081,0.0898956
depth_forward_time_s,1698,09/27/2026 18:07:43,0.106,0.081,0.0898956
depth_forward_time_s,1726,09/27/2026 18:10:53,0.106,0.081,0.0898956
depth_forward_time_s,6368,09/28/2026 02:59:57,0.106,0.081,0.0898956
depth_forward_time_s,6369,09/28/2026 03:00:04,0.106,0.081,0.0898956
depth_forward_time_s,6372,09/28/2026 03:00:25,0.106,0.081,0.0898956
depth_forward_time_s,6626,09/28/2026 03:29:22,0.106,0.081,0.0898956
depth_forward_time_s,6642,09/28/2026 03:31:11,0.106,0.081,0.0898956
depth_forward_time_s,117,09/27/2026 15:08:10,0.105,0.081,0.0898956
depth_forward_time_s,168,09/27/2026 15:13:55,0.105,0.081,0.0898956
depth_forward_time_s,391,09/27/2026 15:39:06,0.105,0.081,0.0898956
depth_forward_time_s,588,09/27/2026 16:01:23,0.105,0.081,0.0898956
depth_forward_time_s,600,09/27/2026 16:02:45,0.105,0.081,0.0898956
depth_forward_time_s,636,09/27/2026 16:06:49,0.105,0.081,0.0898956
depth_forward_time_s,977,09/27/2026 16:45:24,0.105,0.081,0.0898956
depth_forward_time_s,1053,09/27/2026 16:54:07,0.105,0.081,0.0898956
depth_forward_time_s,1682,09/27/2026 18:05:54,0.105,0.081,0.0898956
depth_forward_time_s,1706,09/27/2026 18:08:37,0.105,0.081,0.0898956
depth_forward_time_s,1940,09/27/2026 18:35:07,0.105,0.081,0.0898956
depth_forward_time_s,6465,09/28/2026 03:11:05,0.105,0.081,0.0898956
depth_forward_time_s,6500,09/28/2026 03:15:08,0.105,0.081,0.0898956
depth_forward_time_s,6624,09/28/2026 03:29:09,0.105,0.081,0.0898956
depth_forward_time_s,6638,09/28/2026 03:30:44,0.105,0.081,0.0898956
depth_forward_time_s,148,09/27/2026 15:11:40,0.104,0.081,0.0898956
depth_forward_time_s,403,09/27/2026 15:40:28,0.104,0.081,0.0898956
depth_forward_time_s,584,09/27/2026 16:00:56,0.104,0.081,0.0898956
depth_forward_time_s,592,09/27/2026 16:01:50,0.104,0.081,0.0898956
depth_forward_time_s,648,09/27/2026 16:08:10,0.104,0.081,0.0898956
depth_forward_time_s,717,09/27/2026 16:15:57,0.104,0.081,0.0898956
depth_forward_time_s,1584,09/27/2026 17:54:49,0.104,0.081,0.0898956
depth_forward_time_s,2416,09/27/2026 19:29:35,0.104,0.081,0.0898956
depth_forward_time_s,2432,09/27/2026 19:31:25,0.104,0.081,0.0898956
depth_forward_time_s,6289,09/28/2026 02:50:54,0.104,0.081,0.0898956
depth_forward_time_s,6484,09/28/2026 03:13:16,0.104,0.081,0.0898956
depth_forward_time_s,6487,09/28/2026 03:13:37,0.104,0.081,0.0898956
depth_forward_time_s,6488,09/28/2026 03:13:44,0.104,0.081,0.0898956
depth_forward_time_s,981,09/27/2026 16:45:51,0.103,0.081,0.0898956
depth_forward_time_s,2191,09/27/2026 19:03:48,0.103,0.081,0.0898956
depth_forward_time_s,2195,09/27/2026 19:04:16,0.103,0.081,0.0898956
depth_forward_time_s,2239,09/27/2026 19:09:18,0.103,0.081,0.0898956
depth_forward_time_s,2431,09/27/2026 19:31:18,0.103,0.081,0.0898956
depth_forward_time_s,4862,09/28/2026 00:08:09,0.103,0.081,0.0898956
depth_forward_time_s,6284,09/28/2026 02:50:20,0.103,0.081,0.0898956
depth_forward_time_s,6285,09/28/2026 02:50:26,0.103,0.081,0.0898956
depth_forward_time_s,6449,09/28/2026 03:09:15,0.103,0.081,0.0898956
depth_forward_time_s,6627,09/28/2026 03:29:29,0.103,0.081,0.0898956
depth_forward_time_s,985,09/27/2026 16:46:18,0.102,0.081,0.0898956
depth_forward_time_s,1795,09/27/2026 18:18:41,0.102,0.081,0.0898956
depth_forward_time_s,1863,09/27/2026 18:26:24,0.102,0.081,0.0898956
depth_forward_time_s,2124,09/27/2026 18:56:08,0.102,0.081,0.0898956
depth_forward_time_s,2183,09/27/2026 19:02:53,0.102,0.081,0.0898956
depth_forward_time_s,2187,09/27/2026 19:03:21,0.102,0.081,0.0898956
depth_forward_time_s,4934,09/28/2026 00:16:19,0.102,0.081,0.0898956
depth_forward_time_s,6377,09/28/2026 03:01:00,0.102,0.081,0.0898956
depth_forward_time_s,6457,09/28/2026 03:10:10,0.102,0.081,0.0898956
depth_forward_time_s,10256,09/28/2026 10:24:05,0.102,0.081,0.0898956
depth_forward_time_s,644,09/27/2026 16:07:43,0.101,0.081,0.0898956
depth_forward_time_s,652,09/27/2026 16:08:37,0.101,0.081,0.0898956
depth_forward_time_s,4678,09/27/2026 23:47:19,0.101,0.081,0.0898956
depth_forward_time_s,4914,09/28/2026 00:14:03,0.101,0.081,0.0898956
depth_forward_time_s,4674,09/27/2026 23:46:51,0.1,0.081,0.0898956
depth_forward_time_s,6381,09/28/2026 03:01:27,0.1,0.081,0.0898956
depth_forward_time_s,1928,09/27/2026 18:33:46,0.099,0.081,0.0898956
depth_forward_time_s,6053,09/28/2026 02:23:53,0.097,0.081,0.0898956
depth_forward_time_s,14939,09/28/2026 19:18:49,0.094,0.081,0.0898956
depth_forward_time_s,3947,09/27/2026 22:23:48,0.092,0.081,0.0898956
depth_forward_time_s,10610,09/28/2026 11:05:31,0.091,0.081,0.0898956
depth_forward_time_s,14817,09/28/2026 19:04:59,0.09,0.081,0.0898956
grad_norm,18,09/27/2026 14:57:00,6.3198,1.3339,2.457414280000001
grad_norm,21,09/27/2026 14:57:20,5.1222,1.3339,2.457414280000001
grad_norm,4,09/27/2026 14:55:26,4.7057,1.3339,2.457414280000001
grad_norm,7,09/27/2026 14:55:46,3.8644,1.3339,2.457414280000001
grad_norm,2,09/27/2026 14:55:12,3.8178,1.3339,2.457414280000001
grad_norm,17,09/27/2026 14:56:53,3.6547,1.3339,2.457414280000001
grad_norm,3,09/27/2026 14:55:19,3.5291,1.3339,2.457414280000001
grad_norm,11,09/27/2026 14:56:13,3.2059,1.3339,2.457414280000001
grad_norm,31,09/27/2026 14:58:28,3.1749,1.3339,2.457414280000001
grad_norm,12,09/27/2026 14:56:20,3.1432,1.3339,2.457414280000001
grad_norm,1,09/27/2026 14:55:05,3.0117,1.3339,2.457414280000001
grad_norm,6,09/27/2026 14:55:39,2.9614,1.3339,2.457414280000001
grad_norm,175,09/27/2026 15:14:42,2.94,1.3339,2.457414280000001
grad_norm,7904,09/28/2026 05:55:04,2.9374,1.3339,2.457414280000001
grad_norm,28,09/27/2026 14:58:08,2.9345,1.3339,2.457414280000001
grad_norm,33,09/27/2026 14:58:41,2.9286,1.3339,2.457414280000001
grad_norm,8,09/27/2026 14:55:52,2.8943,1.3339,2.457414280000001
grad_norm,5,09/27/2026 14:55:32,2.8432,1.3339,2.457414280000001
grad_norm,10010,09/28/2026 09:55:35,2.8282,1.3339,2.457414280000001
grad_norm,24,09/27/2026 14:57:41,2.7898,1.3339,2.457414280000001
grad_norm,491,09/27/2026 15:50:26,2.7487,1.3339,2.457414280000001
grad_norm,34,09/27/2026 14:58:48,2.7318,1.3339,2.457414280000001
grad_norm,9,09/27/2026 14:55:59,2.6816,1.3339,2.457414280000001
grad_norm,152,09/27/2026 15:12:07,2.6672,1.3339,2.457414280000001
grad_norm,14,09/27/2026 14:56:33,2.6169,1.3339,2.457414280000001
grad_norm,13473,09/28/2026 16:31:48,2.5809,1.3339,2.457414280000001
grad_norm,44,09/27/2026 14:59:56,2.5686,1.3339,2.457414280000001
grad_norm,724,09/27/2026 16:16:44,2.5242,1.3339,2.457414280000001
grad_norm,23,09/27/2026 14:57:34,2.5193,1.3339,2.457414280000001
grad_norm,13,09/27/2026 14:56:26,2.5115,1.3339,2.457414280000001
loss,3992,09/27/2026 22:28:54,0.6777,0.1046,0.30564056000000006
loss,52,09/27/2026 15:00:50,0.5879,0.1046,0.30564056000000006
loss,5707,09/28/2026 01:44:32,0.5488,0.1046,0.30564056000000006
loss,15,09/27/2026 14:56:40,0.498,0.1046,0.30564056000000006
loss,14130,09/28/2026 17:46:33,0.4824,0.1046,0.30564056000000006
loss,12423,09/28/2026 14:32:14,0.4297,0.1046,0.30564056000000006
loss,2,09/27/2026 14:55:12,0.4185,0.1046,0.30564056000000006
loss,10628,09/28/2026 11:07:36,0.4175,0.1046,0.30564056000000006
loss,21,09/27/2026 14:57:20,0.416,0.1046,0.30564056000000006
loss,11,09/27/2026 14:56:13,0.415,0.1046,0.30564056000000006
loss,10788,09/28/2026 11:25:47,0.4004,0.1046,0.30564056000000006
loss,18,09/27/2026 14:57:00,0.396,0.1046,0.30564056000000006
loss,5714,09/28/2026 01:45:20,0.3853,0.1046,0.30564056000000006
loss,2639,09/27/2026 19:54:55,0.3779,0.1046,0.30564056000000006
loss,8037,09/28/2026 06:10:17,0.376,0.1046,0.30564056000000006
loss,7834,09/28/2026 05:47:06,0.3628,0.1046,0.30564056000000006
loss,7,09/27/2026 14:55:46,0.3623,0.1046,0.30564056000000006
loss,9772,09/28/2026 09:28:25,0.3608,0.1046,0.30564056000000006
loss,102,09/27/2026 15:06:28,0.3591,0.1046,0.30564056000000006
loss,609,09/27/2026 16:03:46,0.3582,0.1046,0.30564056000000006
loss,9512,09/28/2026 08:59:00,0.3506,0.1046,0.30564056000000006
loss,5405,09/28/2026 01:10:13,0.3486,0.1046,0.30564056000000006
loss,8171,09/28/2026 06:25:38,0.3442,0.1046,0.30564056000000006
loss,4547,09/27/2026 23:32:31,0.3433,0.1046,0.30564056000000006
loss,58,09/27/2026 15:01:31,0.3423,0.1046,0.30564056000000006
loss,359,09/27/2026 15:35:28,0.3423,0.1046,0.30564056000000006
loss,2990,09/27/2026 20:34:41,0.3423,0.1046,0.30564056000000006
loss,13276,09/28/2026 16:09:13,0.3398,0.1046,0.30564056000000006
loss,13,09/27/2026 14:56:26,0.3394,0.1046,0.30564056000000006
loss,6,09/27/2026 14:55:39,0.3389,0.1046,0.30564056000000006
loss,12621,09/28/2026 14:54:46,0.3379,0.1046,0.30564056000000006
loss,4,09/27/2026 14:55:26,0.3364,0.1046,0.30564056000000006
loss,8796,09/28/2026 07:37:01,0.335,0.1046,0.30564056000000006
loss,14276,09/28/2026 18:03:18,0.335,0.1046,0.30564056000000006
loss,1,09/27/2026 14:55:05,0.333,0.1046,0.30564056000000006
loss,1757,09/27/2026 18:14:23,0.3286,0.1046,0.30564056000000006
loss,1970,09/27/2026 18:38:32,0.3286,0.1046,0.30564056000000006
loss,33,09/27/2026 14:58:41,0.3281,0.1046,0.30564056000000006
loss,3253,09/27/2026 21:04:50,0.3259,0.1046,0.30564056000000006
loss,24,09/27/2026 14:57:41,0.3247,0.1046,0.30564056000000006
loss,5082,09/28/2026 00:33:15,0.3247,0.1046,0.30564056000000006
loss,11768,09/28/2026 13:17:31,0.3242,0.1046,0.30564056000000006
loss,491,09/27/2026 15:50:26,0.3215,0.1046,0.30564056000000006
loss,7982,09/28/2026 06:03:56,0.3213,0.1046,0.30564056000000006
loss,1237,09/27/2026 17:15:09,0.3203,0.1046,0.30564056000000006
loss,4937,09/28/2026 00:16:39,0.3196,0.1046,0.30564056000000006
loss,908,09/27/2026 16:37:34,0.3193,0.1046,0.30564056000000006
loss,5743,09/28/2026 01:48:37,0.3193,0.1046,0.30564056000000006
loss,26,09/27/2026 14:57:54,0.3188,0.1046,0.30564056000000006
loss,434,09/27/2026 15:43:58,0.3184,0.1046,0.30564056000000006
loss,6501,09/28/2026 03:15:16,0.3164,0.1046,0.30564056000000006
loss,2528,09/27/2026 19:42:24,0.314,0.1046,0.30564056000000006
loss,9884,09/28/2026 09:41:09,0.312,0.1046,0.30564056000000006
loss,2718,09/27/2026 20:03:51,0.3096,0.1046,0.30564056000000006
loss,5090,09/28/2026 00:34:10,0.3096,0.1046,0.30564056000000006
loss,7282,09/28/2026 04:44:11,0.3096,0.1046,0.30564056000000006
loss,13786,09/28/2026 17:07:19,0.3096,0.1046,0.30564056000000006
loss,5,09/27/2026 14:55:32,0.3086,0.1046,0.30564056000000006
loss,8510,09/28/2026 07:04:39,0.3071,0.1046,0.30564056000000006
loss,12,09/27/2026 14:56:20,0.3057,0.1046,0.30564056000000006
loss,17,09/27/2026 14:56:53,0.3057,0.1046,0.30564056000000006
step_time_s,1,09/27/2026 14:55:05,11.985,6.818,7.209406399999996
step_time_s,1001,09/27/2026 16:48:11,9.867,6.818,7.209406399999996
step_time_s,4001,09/27/2026 22:30:00,9.714,6.818,7.209406399999996
step_time_s,6001,09/28/2026 02:17:57,9.702,6.818,7.209406399999996
step_time_s,14001,09/28/2026 17:31:48,9.684,6.818,7.209406399999996
step_time_s,7001,09/28/2026 04:12:00,9.672,6.818,7.209406399999996
step_time_s,12001,09/28/2026 13:44:00,9.67,6.818,7.209406399999996
step_time_s,3001,09/27/2026 20:36:00,9.665,6.818,7.209406399999996
step_time_s,9001,09/28/2026 08:00:23,9.66,6.818,7.209406399999996
step_time_s,11001,09/28/2026 11:50:04,9.659,6.818,7.209406399999996
step_time_s,13001,09/28/2026 15:37:47,9.637,6.818,7.209406399999996
step_time_s,8001,09/28/2026 06:06:10,9.621,6.818,7.209406399999996
step_time_s,2001,09/27/2026 18:42:06,9.582,6.818,7.209406399999996
step_time_s,10001,09/28/2026 09:54:33,9.494,6.818,7.209406399999996
step_time_s,5001,09/28/2026 00:24:00,9.394,6.818,7.209406399999996
step_time_s,10501,09/28/2026 10:52:54,7.642,6.818,7.209406399999996
step_time_s,501,09/27/2026 15:51:35,7.548,6.818,7.209406399999996
step_time_s,10178,09/28/2026 10:14:54,7.502,6.818,7.209406399999996
step_time_s,14501,09/28/2026 18:29:12,7.491,6.818,7.209406399999996
step_time_s,7501,09/28/2026 05:09:26,7.483,6.818,7.209406399999996
step_time_s,11501,09/28/2026 12:47:22,7.474,6.818,7.209406399999996
step_time_s,9501,09/28/2026 08:57:45,7.471,6.818,7.209406399999996
step_time_s,13501,09/28/2026 16:35:04,7.467,6.818,7.209406399999996
step_time_s,1501,09/27/2026 17:45:27,7.45,6.818,7.209406399999996
step_time_s,8501,09/28/2026 07:03:37,7.45,6.818,7.209406399999996
step_time_s,3501,09/27/2026 21:33:18,7.443,6.818,7.209406399999996
step_time_s,4501,09/27/2026 23:27:19,7.442,6.818,7.209406399999996
step_time_s,5501,09/28/2026 01:21:17,7.43,6.818,7.209406399999996
step_time_s,12501,09/28/2026 14:41:13,7.427,6.818,7.209406399999996
step_time_s,2501,09/27/2026 19:39:21,7.407,6.818,7.209406399999996
step_time_s,6501,09/28/2026 03:15:16,7.399,6.818,7.209406399999996
step_time_s,2264,09/27/2026 19:12:10,7.349,6.818,7.209406399999996
step_time_s,10164,09/28/2026 10:13:15,7.341,6.818,7.209406399999996
step_time_s,10189,09/28/2026 10:16:12,7.305,6.818,7.209406399999996
step_time_s,10184,09/28/2026 10:15:37,7.302,6.818,7.209406399999996
step_time_s,9884,09/28/2026 09:41:09,7.299,6.818,7.209406399999996
step_time_s,10200,09/28/2026 10:17:30,7.252,6.818,7.209406399999996
step_time_s,10194,09/28/2026 10:16:48,7.247,6.818,7.209406399999996
step_time_s,10173,09/28/2026 10:14:18,7.245,6.818,7.209406399999996
step_time_s,3464,09/27/2026 21:29:01,7.242,6.818,7.209406399999996
step_time_s,5490,09/28/2026 01:19:59,7.23,6.818,7.209406399999996
step_time_s,13367,09/28/2026 16:19:38,7.229,6.818,7.209406399999996
step_time_s,10522,09/28/2026 10:55:20,7.212,6.818,7.209406399999996
step_time_s,10153,09/28/2026 10:11:57,7.211,6.818,7.209406399999996
