start_step,end_step,count,loss_mean,loss_p95,vla_loss_mean,vla_loss_p95,depth_loss_mean,depth_loss_p95,future_depth_loss_mean,future_depth_loss_p95,future_video_loss_mean,future_video_loss_p95,seq_wise_loss_mean,seq_wise_loss_p95,router_z_loss_mean,router_z_loss_p95,grad_norm_mean,grad_norm_p95,step_time_s_mean,step_time_s_p95,depth_forward_time_s_mean,depth_forward_time_s_p95,maxvio_mean,maxvio_p95,avg_sigmoid_mean,avg_sigmoid_p95,lr_mean,lr_p95,expert_lr_mean,expert_lr_p95
1,1000,1000,0.17895999999999998,0.2715,0.1703201,0.262915,0.773691,1.4401949999999997,0.9397109,1.4629,0.1115473,0.2972899999999998,0.0013101999999999996,0.0015,0.0,0.0,1.5186678,1.9723,6.778957,6.84705,0.08552299999999999,0.105,3.496721721721722,4.503119999999997,0.08748708708708708,0.104,0.00010000000000000003,0.0001,0.000283,0.000283
1001,2000,1000,0.1463825,0.20734999999999998,0.1393721,0.19975999999999994,0.5470244,0.7549699999999995,0.7463446,1.0048649999999997,0.0571205,0.0678,0.0015781000000000002,0.0017,3.0000000000000004e-07,0.0,1.4007337,1.7122799999999998,6.8255609999999995,6.917,0.082222,0.085,4.3892817,5.0312,0.0972182,0.11431999999999998,9.987499999999999e-05,9.99e-05,0.000282567,0.000283
2001,3000,1000,0.1356208,0.19432499999999997,0.12873949999999998,0.18711999999999998,0.5154226,0.7019249999999999,0.7155072,0.9881899999999998,0.052159199999999996,0.06250499999999999,0.0017014000000000003,0.0019,1.4499999999999998e-05,0.0001,1.3869565,1.671865,6.823249,6.92505,0.082095,0.08404999999999996,4.635359700000001,5.25,0.1063668,0.1235,9.96918e-05,9.98e-05,0.0002820000000000001,0.000282
3001,4000,1000,0.1256166,0.186515,0.11890889999999998,0.17873499999999998,0.495487,0.6834649999999999,0.6906007999999999,0.935645,0.0491772,0.059004999999999995,0.0017213,0.0019,4.7000000000000004e-05,0.0001,1.3652229,1.6557549999999999,6.829682000000001,6.9350499999999995,0.08256699999999999,0.085,4.5717518,5.125,0.11263509999999999,0.1318,9.93913e-05,9.95e-05,0.000281106,0.000282
4001,5000,1000,0.1197375,0.18432499999999996,0.1131207,0.1755849999999999,0.48278249999999995,0.6838949999999999,0.6744351999999999,0.95085,0.047037899999999994,0.0574,0.0017465999999999998,0.002,7.670000000000002e-05,0.0001,1.3589285000000002,1.6525349999999999,6.830030000000001,6.936,0.08168799999999998,0.084,4.557250799999999,5.126559999999999,0.11668919999999999,0.1348,9.900379999999999e-05,9.92e-05,0.000280021,0.000281
5001,6000,1000,0.1159033,0.176,0.10946860000000001,0.16925999999999994,0.46116729999999995,0.6329149999999999,0.6482452000000001,0.9057649999999997,0.04558709999999999,0.0548,0.0017459,0.002,9.270000000000003e-05,0.0001,1.3419481,1.640355,6.826117,6.93005,0.080877,0.083,4.468639100000001,5.032764999999999,0.12011419999999999,0.1387,9.851919999999998e-05,9.88e-05,0.00027860600000000004,0.000279
6001,7000,1000,0.11101360000000002,0.17437499999999995,0.10468039999999999,0.16854499999999997,0.4568119,0.6319449999999999,0.6373831,0.8718149999999999,0.044699699999999995,0.054105,0.0017173,0.0019,9.470000000000004e-05,0.0001,1.3230129,1.618815,6.83228,6.933,0.081575,0.084,4.2969373,4.9375,0.11922440000000001,0.1387,9.793860000000001e-05,9.82e-05,0.00027701799999999997,0.000278
7001,8000,1000,0.10687020000000001,0.16312499999999996,0.1005852,0.15655999999999995,0.4522476,0.6395099999999999,0.6361741,0.889895,0.043934100000000004,0.0539,0.0016765000000000003,0.0019,9.550000000000003e-05,0.0001,1.3370532,1.63415,6.8396419999999996,6.94405,0.08075899999999998,0.084,4.163936400000001,4.8125,0.11791039999999998,0.1377,9.727080000000001e-05,9.76e-05,0.00027512600000000005,0.000276
8001,9000,1000,0.10279429999999999,0.15896999999999994,0.09665280000000001,0.15322,0.4370377,0.597525,0.6254557,0.8584449999999998,0.0433399,0.0536,0.0016451000000000003,0.0019,9.730000000000002e-05,0.0001,1.3183287999999997,1.6031249999999997,6.842064000000001,6.946249999999999,0.08048699999999999,0.083,4.0172338,4.6562,0.1174108,0.1377,9.65147e-05,9.69e-05,0.00027299,0.000274
9001,10000,1000,0.10036149999999999,0.156215,0.09427630000000001,0.14973499999999998,0.4344129,0.6008249999999999,0.6229292000000001,0.8621949999999999,0.0425989,0.0525,0.0016250000000000004,0.0018,9.600000000000003e-05,0.0001,1.3005704,1.5989099999999998,6.838549000000001,6.941,0.080756,0.083,3.9412797,4.625,0.1165436,0.1367,9.567359999999999e-05,9.61e-05,0.000270622,0.000272
10001,11000,1000,0.097673,0.1545999999999999,0.09166319999999999,0.14802499999999988,0.4343474,0.6003,0.6096436000000001,0.8583949999999999,0.04203319999999999,0.051805,0.0016002,0.0018,9.380000000000003e-05,0.0001,1.3040161000000001,1.5980400000000001,6.918931000000001,7.10405,0.082391,0.085,3.8077817,4.5312,0.11436879999999999,0.1357,9.475050000000001e-05,9.52e-05,0.000267999,0.000269
11001,12000,1000,0.0938429,0.148915,0.0879093,0.142815,0.43042149999999996,0.60852,0.6041532,0.8399399999999998,0.0414934,0.0503,0.0015661000000000002,0.0018,9.200000000000003e-05,0.0001,1.2932431000000002,1.576625,6.8242780000000005,6.9281,0.08123899999999999,0.083,3.7018299000000003,4.3438,0.1134831,0.1357,9.37487e-05,9.42e-05,0.00026515500000000005,0.000266
12001,13000,1000,0.09441970000000001,0.15508499999999992,0.08853029999999999,0.14947999999999992,0.4219884,0.5817,0.6007273,0.838325,0.040943,0.0505,0.0015676000000000004,0.0018,9.400000000000002e-05,0.0001,1.2975374,1.58835,6.81526,6.9220999999999995,0.08092599999999998,0.083,3.6896089,4.375,0.11270820000000001,0.1338,9.2674e-05,9.32e-05,0.00026213900000000005,0.000264
13001,14000,1000,0.0902346,0.15382499999999996,0.0844778,0.1470849999999999,0.4157158,0.5733649999999999,0.5863312,0.8240449999999999,0.04064879999999999,0.0504,0.0015205000000000002,0.0017,9.570000000000002e-05,0.0001,1.2742224000000002,1.5713149999999998,6.828933,6.92905,0.08067099999999999,0.082,3.5553597,4.220359999999999,0.113191,0.1318,9.15301e-05,9.21e-05,0.00025885800000000005,0.00026
14001,14991,991,0.08979687184661957,0.15205000000000002,0.08405539858728557,0.14575,0.4076395560040364,0.5524,0.594641473259334,0.89025,0.04032754793138244,0.0505,0.0015029263370332998,0.0017,9.515640766902122e-05,0.0001,1.275926034308779,1.5625499999999999,6.8369767911200805,6.943,0.0810252270433905,0.083,3.4782730575176593,4.2188,0.1113824419778002,0.1299,9.03247225025227e-05,9.09e-05,0.00025548234106962666,0.000257
